level_0,index,SVM,direction,category,level,mean,dist,filename
0,0,clean,1,clean,0,1,1,./../primate_robustness_mess/PrimateVisionRobustness/Data/Robustness/Original images/Clean hf source/000203.jpg
1,1,clean,1,clean,0,1,1,./../primate_robustness_mess/PrimateVisionRobustness/Data/Robustness/Original images/Clean hf source/000129.jpg
2,2,clean,1,clean,0,1,1,./../primate_robustness_mess/PrimateVisionRobustness/Data/Robustness/Original images/Clean hf source/people_08.jpg
3,3,clean,1,clean,0,1,1,./../primate_robustness_mess/PrimateVisionRobustness/Data/Robustness/Original images/Clean hf source/000114.jpg
4,4,clean,1,clean,0,1,1,./../primate_robustness_mess/PrimateVisionRobustness/Data/Robustness/Original images/Clean hf source/UFH_169.jpg
5,5,clean,1,clean,0,1,1,./../primate_robustness_mess/PrimateVisionRobustness/Data/Robustness/Original images/Clean hf source/UFH_138.jpg
6,6,clean,1,clean,0,1,1,./../primate_robustness_mess/PrimateVisionRobustness/Data/Robustness/Original images/Clean hf source/zzAberdeen_12.jpg
7,7,clean,1,clean,0,1,1,./../primate_robustness_mess/PrimateVisionRobustness/Data/Robustness/Original images/Clean hf source/000207.jpg
8,8,clean,1,clean,0,1,1,./../primate_robustness_mess/PrimateVisionRobustness/Data/Robustness/Original images/Clean hf source/000107.jpg
9,9,clean,1,clean,0,1,1,./../primate_robustness_mess/PrimateVisionRobustness/Data/Robustness/Original images/Clean hf source/000123.jpg
10,10,clean,1,clean,0,1,1,./../primate_robustness_mess/PrimateVisionRobustness/Data/Robustness/Original images/Clean hf source/000045.jpg
11,11,clean,1,clean,0,1,1,./../primate_robustness_mess/PrimateVisionRobustness/Data/Robustness/Original images/Clean hf source/UFH_133.jpg
12,12,clean,1,clean,0,1,1,./../primate_robustness_mess/PrimateVisionRobustness/Data/Robustness/Original images/Clean hf source/UFH_140.jpg
13,13,clean,1,clean,0,1,1,./../primate_robustness_mess/PrimateVisionRobustness/Data/Robustness/Original images/Clean hf source/zzAberdeen_07.jpg
14,14,clean,1,clean,0,1,1,./../primate_robustness_mess/PrimateVisionRobustness/Data/Robustness/Original images/Clean hf source/000215.jpg
15,15,clean,1,clean,0,1,1,./../primate_robustness_mess/PrimateVisionRobustness/Data/Robustness/Original images/Clean hf source/magazinecovers_13.jpg
16,16,clean,1,clean,0,1,1,./../primate_robustness_mess/PrimateVisionRobustness/Data/Robustness/Original images/Clean hf source/000122.jpg
17,17,clean,1,clean,0,1,1,./../primate_robustness_mess/PrimateVisionRobustness/Data/Robustness/Original images/Clean hf source/000076.jpg
18,18,clean,1,clean,0,1,1,./../primate_robustness_mess/PrimateVisionRobustness/Data/Robustness/Original images/Clean hf source/000209.jpg
19,19,clean,1,clean,0,1,1,./../primate_robustness_mess/PrimateVisionRobustness/Data/Robustness/Original images/Clean hf source/000111.jpg
20,20,clean,1,clean,0,1,1,./../primate_robustness_mess/PrimateVisionRobustness/Data/Robustness/Original images/Clean hf source/UFH_158.jpg
21,21,clean,1,clean,0,1,1,./../primate_robustness_mess/PrimateVisionRobustness/Data/Robustness/Original images/Clean hf source/zzAberdeen_24.jpg
22,22,clean,1,clean,0,1,1,./../primate_robustness_mess/PrimateVisionRobustness/Data/Robustness/Original images/Clean hf source/UFH_080.jpg
23,23,clean,1,clean,0,1,1,./../primate_robustness_mess/PrimateVisionRobustness/Data/Robustness/Original images/Clean hf source/UFH_142.jpg
24,24,clean,1,clean,0,1,1,./../primate_robustness_mess/PrimateVisionRobustness/Data/Robustness/Original images/Clean hf source/UFH_145.jpg
25,25,clean,1,clean,0,1,1,./../primate_robustness_mess/PrimateVisionRobustness/Data/Robustness/Original images/Clean hf source/000179.jpg
26,26,clean,1,clean,0,1,1,./../primate_robustness_mess/PrimateVisionRobustness/Data/Robustness/Original images/Clean hf source/UFH_148.jpg
27,27,clean,1,clean,0,1,1,./../primate_robustness_mess/PrimateVisionRobustness/Data/Robustness/Original images/Clean hf source/000157.jpg
28,28,clean,1,clean,0,1,1,./../primate_robustness_mess/PrimateVisionRobustness/Data/Robustness/Original images/Clean hf source/000072.jpg
29,29,clean,1,clean,0,1,1,./../primate_robustness_mess/PrimateVisionRobustness/Data/Robustness/Original images/Clean hf source/000078.jpg
30,30,clean,1,clean,0,1,1,./../primate_robustness_mess/PrimateVisionRobustness/Data/Robustness/Original images/Clean hf source/000028.jpg
31,31,clean,1,clean,0,1,1,./../primate_robustness_mess/PrimateVisionRobustness/Data/Robustness/Original images/Clean hf source/000133.jpg
32,32,clean,1,clean,0,1,1,./../primate_robustness_mess/PrimateVisionRobustness/Data/Robustness/Original images/Clean hf source/000213.jpg
33,33,clean,1,clean,0,1,1,./../primate_robustness_mess/PrimateVisionRobustness/Data/Robustness/Original images/Clean hf source/000033.jpg
34,34,clean,1,clean,0,1,1,./../primate_robustness_mess/PrimateVisionRobustness/Data/Robustness/Original images/Clean hf source/zzAberdeen_15.jpg
35,35,clean,1,clean,0,1,1,./../primate_robustness_mess/PrimateVisionRobustness/Data/Robustness/Original images/Clean hf source/UFH_187.jpg
36,36,clean,1,clean,0,1,1,./../primate_robustness_mess/PrimateVisionRobustness/Data/Robustness/Original images/Clean hf source/UFH_011.jpg
37,37,clean,1,clean,0,1,1,./../primate_robustness_mess/PrimateVisionRobustness/Data/Robustness/Original images/Clean hf source/UFH_098.jpg
38,38,clean,1,clean,0,1,1,./../primate_robustness_mess/PrimateVisionRobustness/Data/Robustness/Original images/Clean hf source/humanfaces_08.jpg
39,39,clean,1,clean,0,1,1,./../primate_robustness_mess/PrimateVisionRobustness/Data/Robustness/Original images/Clean hf source/000142.jpg
40,40,clean,1,clean,0,1,1,./../primate_robustness_mess/PrimateVisionRobustness/Data/Robustness/Original images/Clean hf source/000121.jpg
41,41,clean,1,clean,0,1,1,./../primate_robustness_mess/PrimateVisionRobustness/Data/Robustness/Original images/Clean hf source/FH_198.jpg
42,42,clean,1,clean,0,1,1,./../primate_robustness_mess/PrimateVisionRobustness/Data/Robustness/Original images/Clean hf source/zzAberdeen_05.jpg
43,43,clean,1,clean,0,1,1,./../primate_robustness_mess/PrimateVisionRobustness/Data/Robustness/Original images/Clean hf source/UFH_055.jpg
44,44,clean,1,clean,0,1,1,./../primate_robustness_mess/PrimateVisionRobustness/Data/Robustness/Original images/Clean hf source/000046.jpg
45,45,clean,1,clean,0,1,1,./../primate_robustness_mess/PrimateVisionRobustness/Data/Robustness/Original images/Clean hf source/UFH_132.jpg
46,46,clean,1,clean,0,1,1,./../primate_robustness_mess/PrimateVisionRobustness/Data/Robustness/Original images/Clean hf source/000052.jpg
47,47,clean,1,clean,0,1,1,./../primate_robustness_mess/PrimateVisionRobustness/Data/Robustness/Original images/Clean hf source/UFH_053.jpg
48,48,clean,1,clean,0,1,1,./../primate_robustness_mess/PrimateVisionRobustness/Data/Robustness/Original images/Clean hf source/000205.jpg
49,49,clean,1,clean,0,1,1,./../primate_robustness_mess/PrimateVisionRobustness/Data/Robustness/Original images/Clean hf source/UFH_050.jpg
50,50,clean,1,clean,0,1,1,./../primate_robustness_mess/PrimateVisionRobustness/Data/Robustness/Original images/Clean hf source/UFH_188.jpg
51,51,clean,1,clean,0,1,1,./../primate_robustness_mess/PrimateVisionRobustness/Data/Robustness/Original images/Clean hf source/UFH_161.jpg
52,52,clean,1,clean,0,1,1,./../primate_robustness_mess/PrimateVisionRobustness/Data/Robustness/Original images/Clean hf source/000125.jpg
53,53,clean,1,clean,0,1,1,./../primate_robustness_mess/PrimateVisionRobustness/Data/Robustness/Original images/Clean hf source/UFH_002.jpg
54,54,clean,1,clean,0,1,1,./../primate_robustness_mess/PrimateVisionRobustness/Data/Robustness/Original images/Clean hf source/000130.jpg
55,55,clean,1,clean,0,1,1,./../primate_robustness_mess/PrimateVisionRobustness/Data/Robustness/Original images/Clean hf source/000204.jpg
56,56,clean,1,clean,0,1,1,./../primate_robustness_mess/PrimateVisionRobustness/Data/Robustness/Original images/Clean hf source/UFH_012.jpg
57,57,clean,1,clean,0,1,1,./../primate_robustness_mess/PrimateVisionRobustness/Data/Robustness/Original images/Clean hf source/000035.jpg
58,58,clean,1,clean,0,1,1,./../primate_robustness_mess/PrimateVisionRobustness/Data/Robustness/Original images/Clean hf source/UFH_179.jpg
59,59,clean,1,clean,0,1,1,./../primate_robustness_mess/PrimateVisionRobustness/Data/Robustness/Original images/Clean hf source/000198.jpg
60,60,clean,1,clean,0,1,1,./../primate_robustness_mess/PrimateVisionRobustness/Data/Robustness/Original images/Clean hf source/000051.jpg
61,61,clean,1,clean,0,1,1,./../primate_robustness_mess/PrimateVisionRobustness/Data/Robustness/Original images/Clean hf source/FH_221.jpg
62,62,clean,1,clean,0,1,1,./../primate_robustness_mess/PrimateVisionRobustness/Data/Robustness/Original images/Clean hf source/zzAberdeen_23.jpg
63,63,clean,1,clean,0,1,1,./../primate_robustness_mess/PrimateVisionRobustness/Data/Robustness/Original images/Clean hf source/backpack_07.jpg
64,64,clean,1,clean,0,1,1,./../primate_robustness_mess/PrimateVisionRobustness/Data/Robustness/Original images/Clean hf source/000155.jpg
65,65,clean,1,clean,0,1,1,./../primate_robustness_mess/PrimateVisionRobustness/Data/Robustness/Original images/Clean hf source/000063.jpg
66,66,clean,1,clean,0,1,1,./../primate_robustness_mess/PrimateVisionRobustness/Data/Robustness/Original images/Clean hf source/UFH_046.jpg
67,67,clean,1,clean,0,1,1,./../primate_robustness_mess/PrimateVisionRobustness/Data/Robustness/Original images/Clean hf source/000015.jpg
68,68,clean,1,clean,0,1,1,./../primate_robustness_mess/PrimateVisionRobustness/Data/Robustness/Original images/Clean hf source/000106.jpg
69,69,clean,1,clean,0,1,1,./../primate_robustness_mess/PrimateVisionRobustness/Data/Robustness/Original images/Clean hf source/000170.jpg
70,70,clean,1,clean,0,1,1,./../primate_robustness_mess/PrimateVisionRobustness/Data/Robustness/Original images/Clean hf source/zzAberdeen_17.jpg
71,71,clean,1,clean,0,1,1,./../primate_robustness_mess/PrimateVisionRobustness/Data/Robustness/Original images/Clean hf source/000208.jpg
72,72,clean,1,clean,0,1,1,./../primate_robustness_mess/PrimateVisionRobustness/Data/Robustness/Original images/Clean hf source/000201.jpg
73,73,clean,1,clean,0,1,1,./../primate_robustness_mess/PrimateVisionRobustness/Data/Robustness/Original images/Clean hf source/humanfaces_14.jpg
74,74,clean,1,clean,0,1,1,./../primate_robustness_mess/PrimateVisionRobustness/Data/Robustness/Original images/Clean hf source/000062.jpg
75,75,clean,1,clean,0,1,1,./../primate_robustness_mess/PrimateVisionRobustness/Data/Robustness/Original images/Clean hf source/000048.jpg
76,76,clean,1,clean,0,1,1,./../primate_robustness_mess/PrimateVisionRobustness/Data/Robustness/Original images/Clean hf source/000023.jpg
77,77,clean,1,clean,0,1,1,./../primate_robustness_mess/PrimateVisionRobustness/Data/Robustness/Original images/Clean hf source/magazinecovers_01.jpg
78,78,clean,1,clean,0,1,1,./../primate_robustness_mess/PrimateVisionRobustness/Data/Robustness/Original images/Clean hf source/UFH_044.jpg
79,79,clean,1,clean,0,1,1,./../primate_robustness_mess/PrimateVisionRobustness/Data/Robustness/Original images/Clean hf source/UFH_170.jpg
80,80,clean,1,clean,0,1,1,./../primate_robustness_mess/PrimateVisionRobustness/Data/Robustness/Original images/Clean hf source/000097.jpg
81,81,clean,1,clean,0,1,1,./../primate_robustness_mess/PrimateVisionRobustness/Data/Robustness/Original images/Clean hf source/000180.jpg
82,82,clean,1,clean,0,1,1,./../primate_robustness_mess/PrimateVisionRobustness/Data/Robustness/Original images/Clean hf source/000040.jpg
83,83,clean,1,clean,0,1,1,./../primate_robustness_mess/PrimateVisionRobustness/Data/Robustness/Original images/Clean hf source/000038.jpg
84,84,clean,1,clean,0,1,1,./../primate_robustness_mess/PrimateVisionRobustness/Data/Robustness/Original images/Clean hf source/000055.jpg
85,85,clean,1,clean,0,1,1,./../primate_robustness_mess/PrimateVisionRobustness/Data/Robustness/Original images/Clean hf source/000095.jpg
86,86,clean,1,clean,0,1,1,./../primate_robustness_mess/PrimateVisionRobustness/Data/Robustness/Original images/Clean hf source/zzAberdeen_06.jpg
87,87,clean,1,clean,0,1,1,./../primate_robustness_mess/PrimateVisionRobustness/Data/Robustness/Original images/Clean hf source/people_12.jpg
88,88,clean,1,clean,0,1,1,./../primate_robustness_mess/PrimateVisionRobustness/Data/Robustness/Original images/Clean hf source/000192.jpg
89,89,clean,1,clean,0,1,1,./../primate_robustness_mess/PrimateVisionRobustness/Data/Robustness/Original images/Clean hf source/zzAberdeen_21.jpg
90,90,clean,1,clean,0,1,1,./../primate_robustness_mess/PrimateVisionRobustness/Data/Robustness/Original images/Clean hf source/humanfaces_13.jpg
91,91,clean,1,clean,0,1,1,./../primate_robustness_mess/PrimateVisionRobustness/Data/Robustness/Original images/Clean hf source/UFH_008.jpg
92,92,clean,1,clean,0,1,1,./../primate_robustness_mess/PrimateVisionRobustness/Data/Robustness/Original images/Clean hf source/zzAberdeen_16.jpg
93,93,clean,1,clean,0,1,1,./../primate_robustness_mess/PrimateVisionRobustness/Data/Robustness/Original images/Clean hf source/000132.jpg
94,94,clean,1,clean,0,1,1,./../primate_robustness_mess/PrimateVisionRobustness/Data/Robustness/Original images/Clean hf source/000151.jpg
95,95,clean,1,clean,0,1,1,./../primate_robustness_mess/PrimateVisionRobustness/Data/Robustness/Original images/Clean hf source/000147.jpg
96,96,clean,1,clean,0,1,1,./../primate_robustness_mess/PrimateVisionRobustness/Data/Robustness/Original images/Clean hf source/UFH_024.jpg
97,97,clean,1,clean,0,1,1,./../primate_robustness_mess/PrimateVisionRobustness/Data/Robustness/Original images/Clean hf source/humanfaces_18.jpg
98,98,clean,1,clean,0,1,1,./../primate_robustness_mess/PrimateVisionRobustness/Data/Robustness/Original images/Clean hf source/UFH_038.jpg
99,99,clean,1,clean,0,1,1,./../primate_robustness_mess/PrimateVisionRobustness/Data/Robustness/Original images/Clean hf source/000210.jpg
100,100,clean,1,clean,0,1,1,./../primate_robustness_mess/PrimateVisionRobustness/Data/Robustness/Original images/Clean hf source/people_09.jpg
101,101,clean,1,clean,0,1,1,./../primate_robustness_mess/PrimateVisionRobustness/Data/Robustness/Original images/Clean hf source/000104.jpg
102,102,clean,1,clean,0,1,1,./../primate_robustness_mess/PrimateVisionRobustness/Data/Robustness/Original images/Clean hf source/000105.jpg
103,103,clean,1,clean,0,1,1,./../primate_robustness_mess/PrimateVisionRobustness/Data/Robustness/Original images/Clean hf source/000113.jpg
104,104,clean,1,clean,0,1,1,./../primate_robustness_mess/PrimateVisionRobustness/Data/Robustness/Original images/Clean hf source/000013.jpg
105,105,clean,1,clean,0,1,1,./../primate_robustness_mess/PrimateVisionRobustness/Data/Robustness/Original images/Clean hf source/000014.jpg
106,106,clean,1,clean,0,1,1,./../primate_robustness_mess/PrimateVisionRobustness/Data/Robustness/Original images/Clean hf source/000005.jpg
107,107,clean,1,clean,0,1,1,./../primate_robustness_mess/PrimateVisionRobustness/Data/Robustness/Original images/Clean hf source/000026.jpg
108,108,clean,1,clean,0,1,1,./../primate_robustness_mess/PrimateVisionRobustness/Data/Robustness/Original images/Clean hf source/000117.jpg
109,109,clean,1,clean,0,1,1,./../primate_robustness_mess/PrimateVisionRobustness/Data/Robustness/Original images/Clean hf source/000031.jpg
110,110,clean,1,clean,0,1,1,./../primate_robustness_mess/PrimateVisionRobustness/Data/Robustness/Original images/Clean hf source/zzAberdeen_14.jpg
111,111,clean,1,clean,0,1,1,./../primate_robustness_mess/PrimateVisionRobustness/Data/Robustness/Original images/Clean hf source/zzAberdeen_33.jpg
112,112,clean,1,clean,0,1,1,./../primate_robustness_mess/PrimateVisionRobustness/Data/Robustness/Original images/Clean hf source/zzAberdeen_29.jpg
113,113,clean,1,clean,0,1,1,./../primate_robustness_mess/PrimateVisionRobustness/Data/Robustness/Original images/Clean hf source/000178.jpg
114,114,clean,1,clean,0,1,1,./../primate_robustness_mess/PrimateVisionRobustness/Data/Robustness/Original images/Clean hf source/UFH_120.jpg
115,115,clean,1,clean,0,1,1,./../primate_robustness_mess/PrimateVisionRobustness/Data/Robustness/Original images/Clean hf source/zzAberdeen_02.jpg
116,116,clean,1,clean,0,1,1,./../primate_robustness_mess/PrimateVisionRobustness/Data/Robustness/Original images/Clean hf source/000020.jpg
117,117,clean,1,clean,0,1,1,./../primate_robustness_mess/PrimateVisionRobustness/Data/Robustness/Original images/Clean hf source/000101.jpg
118,118,clean,1,clean,0,1,1,./../primate_robustness_mess/PrimateVisionRobustness/Data/Robustness/Original images/Clean hf source/000200.jpg
119,119,clean,1,clean,0,1,1,./../primate_robustness_mess/PrimateVisionRobustness/Data/Robustness/Original images/Clean hf source/000103.jpg
120,120,clean,1,clean,0,1,1,./../primate_robustness_mess/PrimateVisionRobustness/Data/Robustness/Original images/Clean hf source/000161.jpg
121,121,clean,1,clean,0,1,1,./../primate_robustness_mess/PrimateVisionRobustness/Data/Robustness/Original images/Clean hf source/zzAberdeen_26.jpg
122,122,clean,1,clean,0,1,1,./../primate_robustness_mess/PrimateVisionRobustness/Data/Robustness/Original images/Clean hf source/000116.jpg
123,123,clean,1,clean,0,1,1,./../primate_robustness_mess/PrimateVisionRobustness/Data/Robustness/Original images/Clean hf source/zzAberdeen_32.jpg
124,124,clean,1,clean,0,1,1,./../primate_robustness_mess/PrimateVisionRobustness/Data/Robustness/Original images/Clean hf source/000115.jpg
125,125,clean,1,clean,0,1,1,./../primate_robustness_mess/PrimateVisionRobustness/Data/Robustness/Original images/Clean hf source/000216.jpg
126,126,clean,1,clean,0,1,1,./../primate_robustness_mess/PrimateVisionRobustness/Data/Robustness/Original images/Clean hf source/zzAberdeen_09.jpg
127,127,clean,1,clean,0,1,1,./../primate_robustness_mess/PrimateVisionRobustness/Data/Robustness/Original images/Clean hf source/000172.jpg
128,128,clean,1,clean,0,1,1,./../primate_robustness_mess/PrimateVisionRobustness/Data/Robustness/Original images/Clean hf source/000196.jpg
129,129,clean,1,clean,0,1,1,./../primate_robustness_mess/PrimateVisionRobustness/Data/Robustness/Original images/Clean hf source/UFH_003.jpg
130,130,clean,1,clean,0,1,1,./../primate_robustness_mess/PrimateVisionRobustness/Data/Robustness/Original images/Clean hf source/000024.jpg
131,131,clean,1,clean,0,1,1,./../primate_robustness_mess/PrimateVisionRobustness/Data/Robustness/Original images/Clean hf source/000064.jpg
132,132,clean,1,clean,0,1,1,./../primate_robustness_mess/PrimateVisionRobustness/Data/Robustness/Original images/Clean hf source/zzAberdeen_08.jpg
133,133,clean,1,clean,0,1,1,./../primate_robustness_mess/PrimateVisionRobustness/Data/Robustness/Original images/Clean hf source/000185.jpg
134,134,clean,1,clean,0,1,1,./../primate_robustness_mess/PrimateVisionRobustness/Data/Robustness/Original images/Clean hf source/000019.jpg
135,135,clean,1,clean,0,1,1,./../primate_robustness_mess/PrimateVisionRobustness/Data/Robustness/Original images/Clean hf source/000009.jpg
136,136,clean,1,clean,0,1,1,./../primate_robustness_mess/PrimateVisionRobustness/Data/Robustness/Original images/Clean hf source/000074.jpg
137,137,clean,1,clean,0,1,1,./../primate_robustness_mess/PrimateVisionRobustness/Data/Robustness/Original images/Clean hf source/000017.jpg
138,138,clean,1,clean,0,1,1,./../primate_robustness_mess/PrimateVisionRobustness/Data/Robustness/Original images/Clean hf source/000110.jpg
139,139,clean,1,clean,0,1,1,./../primate_robustness_mess/PrimateVisionRobustness/Data/Robustness/Original images/Clean hf source/000092.jpg
140,140,clean,1,clean,0,1,1,./../primate_robustness_mess/PrimateVisionRobustness/Data/Robustness/Original images/Clean hf source/pokercard_02.jpg
141,141,clean,1,clean,0,1,1,./../primate_robustness_mess/PrimateVisionRobustness/Data/Robustness/Original images/Clean hf source/UFH_123.jpg
142,142,clean,1,clean,0,1,1,./../primate_robustness_mess/PrimateVisionRobustness/Data/Robustness/Original images/Clean hf source/000018.jpg
143,143,clean,1,clean,0,1,1,./../primate_robustness_mess/PrimateVisionRobustness/Data/Robustness/Original images/Clean hf source/000164.jpg
144,144,clean,1,clean,0,1,1,./../primate_robustness_mess/PrimateVisionRobustness/Data/Robustness/Original images/Clean hf source/000109.jpg
145,145,clean,1,clean,0,1,1,./../primate_robustness_mess/PrimateVisionRobustness/Data/Robustness/Original images/Clean hf source/zzAberdeen_31.jpg
146,146,clean,1,clean,0,1,1,./../primate_robustness_mess/PrimateVisionRobustness/Data/Robustness/Original images/Clean hf source/000190.jpg
147,147,clean,1,clean,0,1,1,./../primate_robustness_mess/PrimateVisionRobustness/Data/Robustness/Original images/Clean hf source/000082.jpg
148,148,clean,1,clean,0,1,1,./../primate_robustness_mess/PrimateVisionRobustness/Data/Robustness/Original images/Clean hf source/000211.jpg
149,149,clean,1,clean,0,1,1,./../primate_robustness_mess/PrimateVisionRobustness/Data/Robustness/Original images/Clean hf source/humanfaces_01.jpg
150,150,clean,1,clean,0,1,1,./../primate_robustness_mess/PrimateVisionRobustness/Data/Robustness/Original images/Clean hf source/UFH_043.jpg
151,151,clean,1,clean,0,1,1,./../primate_robustness_mess/PrimateVisionRobustness/Data/Robustness/Original images/Clean hf source/humanfaces_02.jpg
152,152,clean,1,clean,0,1,1,./../primate_robustness_mess/PrimateVisionRobustness/Data/Robustness/Original images/Clean hf source/000011.jpg
153,153,clean,1,clean,0,1,1,./../primate_robustness_mess/PrimateVisionRobustness/Data/Robustness/Original images/Clean hf source/000043.jpg
154,154,clean,1,clean,0,1,1,./../primate_robustness_mess/PrimateVisionRobustness/Data/Robustness/Original images/Clean hf source/000099.jpg
155,155,clean,1,clean,0,1,1,./../primate_robustness_mess/PrimateVisionRobustness/Data/Robustness/Original images/Clean hf source/UFH_160.jpg
156,156,clean,1,clean,0,1,1,./../primate_robustness_mess/PrimateVisionRobustness/Data/Robustness/Original images/Clean hf source/000044.jpg
157,157,clean,1,clean,0,1,1,./../primate_robustness_mess/PrimateVisionRobustness/Data/Robustness/Original images/Clean hf source/000214.jpg
158,158,clean,1,clean,0,1,1,./../primate_robustness_mess/PrimateVisionRobustness/Data/Robustness/Original images/Clean hf source/UFH_177.jpg
159,159,clean,1,clean,0,1,1,./../primate_robustness_mess/PrimateVisionRobustness/Data/Robustness/Original images/Clean hf source/FH_266.jpg
160,160,clean,1,clean,0,1,1,./../primate_robustness_mess/PrimateVisionRobustness/Data/Robustness/Original images/Clean hf source/UFH_096.jpg
161,161,clean,1,clean,0,1,1,./../primate_robustness_mess/PrimateVisionRobustness/Data/Robustness/Original images/Clean hf source/000080.jpg
162,162,clean,1,clean,0,1,1,./../primate_robustness_mess/PrimateVisionRobustness/Data/Robustness/Original images/Clean hf source/UFH_033.jpg
163,163,clean,1,clean,0,1,1,./../primate_robustness_mess/PrimateVisionRobustness/Data/Robustness/Original images/Clean hf source/000008.jpg
164,164,clean,1,clean,0,1,1,./../primate_robustness_mess/PrimateVisionRobustness/Data/Robustness/Original images/Clean hf source/UFH_156.jpg
165,165,clean,1,clean,0,1,1,./../primate_robustness_mess/PrimateVisionRobustness/Data/Robustness/Original images/Clean hf source/000182.jpg
166,166,clean,1,clean,0,1,1,./../primate_robustness_mess/PrimateVisionRobustness/Data/Robustness/Original images/Clean hf source/000094.jpg
167,167,clean,1,clean,0,1,1,./../primate_robustness_mess/PrimateVisionRobustness/Data/Robustness/Original images/Clean hf source/000083.jpg
168,168,clean,1,clean,0,1,1,./../primate_robustness_mess/PrimateVisionRobustness/Data/Robustness/Original images/Clean hf source/000089.jpg
169,169,clean,1,clean,0,1,1,./../primate_robustness_mess/PrimateVisionRobustness/Data/Robustness/Original images/Clean hf source/000163.jpg
170,170,clean,1,clean,0,1,1,./../primate_robustness_mess/PrimateVisionRobustness/Data/Robustness/Original images/Clean hf source/UFH_165.jpg
171,171,clean,1,clean,0,1,1,./../primate_robustness_mess/PrimateVisionRobustness/Data/Robustness/Original images/Clean hf source/000065.jpg
172,172,clean,1,clean,0,1,1,./../primate_robustness_mess/PrimateVisionRobustness/Data/Robustness/Original images/Clean hf source/UFH_049.jpg
173,173,clean,1,clean,0,1,1,./../primate_robustness_mess/PrimateVisionRobustness/Data/Robustness/Original images/Clean hf source/zzAberdeen_10.jpg
174,174,clean,1,clean,0,1,1,./../primate_robustness_mess/PrimateVisionRobustness/Data/Robustness/Original images/Clean hf source/000127.jpg
175,175,clean,1,clean,0,1,1,./../primate_robustness_mess/PrimateVisionRobustness/Data/Robustness/Original images/Clean hf source/UFH_009.jpg
176,176,clean,1,clean,0,1,1,./../primate_robustness_mess/PrimateVisionRobustness/Data/Robustness/Original images/Clean hf source/UFH_182.jpg
177,177,clean,1,clean,0,1,1,./../primate_robustness_mess/PrimateVisionRobustness/Data/Robustness/Original images/Clean hf source/000108.jpg
178,178,clean,1,clean,0,1,1,./../primate_robustness_mess/PrimateVisionRobustness/Data/Robustness/Original images/Clean hf source/FH_90.jpg
179,179,clean,1,clean,0,1,1,./../primate_robustness_mess/PrimateVisionRobustness/Data/Robustness/Original images/Clean hf source/UFH_028.jpg
180,180,clean,1,clean,0,1,1,./../primate_robustness_mess/PrimateVisionRobustness/Data/Robustness/Original images/Clean hf source/000022.jpg
181,181,clean,1,clean,0,1,1,./../primate_robustness_mess/PrimateVisionRobustness/Data/Robustness/Original images/Clean hf source/zzAberdeen_27.jpg
182,182,clean,1,clean,0,1,1,./../primate_robustness_mess/PrimateVisionRobustness/Data/Robustness/Original images/Clean hf source/000032.jpg
183,183,clean,1,clean,0,1,1,./../primate_robustness_mess/PrimateVisionRobustness/Data/Robustness/Original images/Clean hf source/000016.jpg
184,184,clean,1,clean,0,1,1,./../primate_robustness_mess/PrimateVisionRobustness/Data/Robustness/Original images/Clean hf source/000012.jpg
185,185,clean,1,clean,0,1,1,./../primate_robustness_mess/PrimateVisionRobustness/Data/Robustness/Original images/Clean hf source/UFH_057.jpg
186,186,clean,1,clean,0,1,1,./../primate_robustness_mess/PrimateVisionRobustness/Data/Robustness/Original images/Clean hf source/UFH_146.jpg
187,187,clean,1,clean,0,1,1,./../primate_robustness_mess/PrimateVisionRobustness/Data/Robustness/Original images/Clean hf source/000112.jpg
188,188,clean,1,clean,0,1,1,./../primate_robustness_mess/PrimateVisionRobustness/Data/Robustness/Original images/Clean hf source/000153.jpg
189,189,clean,1,clean,0,1,1,./../primate_robustness_mess/PrimateVisionRobustness/Data/Robustness/Original images/Clean hf source/000058.jpg
190,190,clean,1,clean,0,1,1,./../primate_robustness_mess/PrimateVisionRobustness/Data/Robustness/Original images/Clean hf source/UFH_040.jpg
191,191,clean,1,clean,0,1,1,./../primate_robustness_mess/PrimateVisionRobustness/Data/Robustness/Original images/Clean hf source/000077.jpg
192,192,clean,1,clean,0,1,1,./../primate_robustness_mess/PrimateVisionRobustness/Data/Robustness/Original images/Clean hf source/000084.jpg
193,193,clean,1,clean,0,1,1,./../primate_robustness_mess/PrimateVisionRobustness/Data/Robustness/Original images/Clean hf source/000087.jpg
194,194,clean,1,clean,0,1,1,./../primate_robustness_mess/PrimateVisionRobustness/Data/Robustness/Original images/Clean hf source/000145.jpg
195,195,clean,1,clean,0,1,1,./../primate_robustness_mess/PrimateVisionRobustness/Data/Robustness/Original images/Clean hf source/000141.jpg
196,196,clean,1,clean,0,1,1,./../primate_robustness_mess/PrimateVisionRobustness/Data/Robustness/Original images/Clean hf source/UFH_069.jpg
197,197,clean,1,clean,0,1,1,./../primate_robustness_mess/PrimateVisionRobustness/Data/Robustness/Original images/Clean hf source/000176.jpg
198,198,clean,1,clean,0,1,1,./../primate_robustness_mess/PrimateVisionRobustness/Data/Robustness/Original images/Clean hf source/000034.jpg
199,199,clean,1,clean,0,1,1,./../primate_robustness_mess/PrimateVisionRobustness/Data/Robustness/Original images/Clean hf source/000068.jpg
200,200,clean,1,clean,0,1,1,./../primate_robustness_mess/PrimateVisionRobustness/Data/Robustness/Original images/Clean hf source/000174.jpg
201,201,clean,1,clean,0,1,1,./../primate_robustness_mess/PrimateVisionRobustness/Data/Robustness/Original images/Clean hf source/humanfaces_09.jpg
202,202,clean,1,clean,0,1,1,./../primate_robustness_mess/PrimateVisionRobustness/Data/Robustness/Original images/Clean hf source/000096.jpg
203,203,clean,1,clean,0,1,1,./../primate_robustness_mess/PrimateVisionRobustness/Data/Robustness/Original images/Clean hf source/people_05.jpg
204,204,clean,1,clean,0,1,1,./../primate_robustness_mess/PrimateVisionRobustness/Data/Robustness/Original images/Clean hf source/000021.jpg
205,205,clean,1,clean,0,1,1,./../primate_robustness_mess/PrimateVisionRobustness/Data/Robustness/Original images/Clean hf source/000091.jpg
206,206,clean,1,clean,0,1,1,./../primate_robustness_mess/PrimateVisionRobustness/Data/Robustness/Original images/Clean hf source/UFH_006.jpg
207,207,clean,1,clean,0,1,1,./../primate_robustness_mess/PrimateVisionRobustness/Data/Robustness/Original images/Clean hf source/ImagesFaces_60.jpg
208,208,clean,1,clean,0,1,1,./../primate_robustness_mess/PrimateVisionRobustness/Data/Robustness/Original images/Clean hf source/UFH_189.jpg
209,209,clean,1,clean,0,1,1,./../primate_robustness_mess/PrimateVisionRobustness/Data/Robustness/Original images/Clean hf source/UFH_067.jpg
210,210,clean,1,clean,0,1,1,./../primate_robustness_mess/PrimateVisionRobustness/Data/Robustness/Original images/Clean hf source/UFH_018.jpg
211,211,clean,1,clean,0,1,1,./../primate_robustness_mess/PrimateVisionRobustness/Data/Robustness/Original images/Clean hf source/UFH_065.jpg
212,212,clean,1,clean,0,1,1,./../primate_robustness_mess/PrimateVisionRobustness/Data/Robustness/Original images/Clean hf source/000029.jpg
213,213,clean,1,clean,0,1,1,./../primate_robustness_mess/PrimateVisionRobustness/Data/Robustness/Original images/Clean hf source/zzAberdeen_19.jpg
214,214,clean,1,clean,0,1,1,./../primate_robustness_mess/PrimateVisionRobustness/Data/Robustness/Original images/Clean hf source/UFH_152.jpg
215,215,clean,1,clean,0,1,1,./../primate_robustness_mess/PrimateVisionRobustness/Data/Robustness/Original images/Clean hf source/000066.jpg
216,216,clean,1,clean,0,1,1,./../primate_robustness_mess/PrimateVisionRobustness/Data/Robustness/Original images/Clean hf source/000140.jpg
217,217,clean,1,clean,0,1,1,./../primate_robustness_mess/PrimateVisionRobustness/Data/Robustness/Original images/Clean hf source/000212.jpg
218,218,clean,1,clean,0,1,1,./../primate_robustness_mess/PrimateVisionRobustness/Data/Robustness/Original images/Clean hf source/000173.jpg
219,219,clean,1,clean,0,1,1,./../primate_robustness_mess/PrimateVisionRobustness/Data/Robustness/Original images/Clean hf source/UFH_068.jpg
220,220,clean,1,clean,0,1,1,./../primate_robustness_mess/PrimateVisionRobustness/Data/Robustness/Original images/Clean hf source/humanfaces_07.jpg
221,221,clean,1,clean,0,1,1,./../primate_robustness_mess/PrimateVisionRobustness/Data/Robustness/Original images/Clean hf source/FH_219.jpg
222,222,clean,1,clean,0,1,1,./../primate_robustness_mess/PrimateVisionRobustness/Data/Robustness/Original images/Clean hf source/000139.jpg
223,223,clean,1,clean,0,1,1,./../primate_robustness_mess/PrimateVisionRobustness/Data/Robustness/Original images/Clean hf source/pitcher_11.jpg
224,224,clean,1,clean,0,1,1,./../primate_robustness_mess/PrimateVisionRobustness/Data/Robustness/Original images/Clean hf source/zzAberdeen_20.jpg
225,225,clean,1,clean,0,1,1,./../primate_robustness_mess/PrimateVisionRobustness/Data/Robustness/Original images/Clean hf source/FH_126.jpg
226,226,clean,1,clean,0,1,1,./../primate_robustness_mess/PrimateVisionRobustness/Data/Robustness/Original images/Clean hf source/000007.jpg
227,227,clean,1,clean,0,1,1,./../primate_robustness_mess/PrimateVisionRobustness/Data/Robustness/Original images/Clean hf source/UFH_020.jpg
228,228,clean,1,clean,0,1,1,./../primate_robustness_mess/PrimateVisionRobustness/Data/Robustness/Original images/Clean hf source/000042.jpg
229,229,clean,1,clean,0,1,1,./../primate_robustness_mess/PrimateVisionRobustness/Data/Robustness/Original images/Clean hf source/000160.jpg
230,230,clean,1,clean,0,1,1,./../primate_robustness_mess/PrimateVisionRobustness/Data/Robustness/Original images/Clean hf source/UFH_116.jpg
231,231,clean,1,clean,0,1,1,./../primate_robustness_mess/PrimateVisionRobustness/Data/Robustness/Original images/Clean hf source/000143.jpg
232,232,clean,1,clean,0,1,1,./../primate_robustness_mess/PrimateVisionRobustness/Data/Robustness/Original images/Clean hf source/people_06.jpg
233,233,clean,1,clean,0,1,1,./../primate_robustness_mess/PrimateVisionRobustness/Data/Robustness/Original images/Clean hf source/UFH_100.jpg
234,234,clean,1,clean,0,1,1,./../primate_robustness_mess/PrimateVisionRobustness/Data/Robustness/Original images/Clean hf source/000050.jpg
235,235,clean,1,clean,0,1,1,./../primate_robustness_mess/PrimateVisionRobustness/Data/Robustness/Original images/Clean hf source/000047.jpg
236,236,clean,1,clean,0,1,1,./../primate_robustness_mess/PrimateVisionRobustness/Data/Robustness/Original images/Clean hf source/zzAberdeen_13.jpg
237,237,clean,1,clean,0,1,1,./../primate_robustness_mess/PrimateVisionRobustness/Data/Robustness/Original images/Clean hf source/000054.jpg
238,238,clean,1,clean,0,1,1,./../primate_robustness_mess/PrimateVisionRobustness/Data/Robustness/Original images/Clean hf source/000085.jpg
239,239,clean,1,clean,0,1,1,./../primate_robustness_mess/PrimateVisionRobustness/Data/Robustness/Original images/Clean hf source/zzAberdeen_03.jpg
240,240,clean,1,clean,0,1,1,./../primate_robustness_mess/PrimateVisionRobustness/Data/Robustness/Original images/Clean hf source/zzAberdeen_28.jpg
241,241,clean,1,clean,0,1,1,./../primate_robustness_mess/PrimateVisionRobustness/Data/Robustness/Original images/Clean hf source/people_02.jpg
242,242,clean,1,clean,0,1,1,./../primate_robustness_mess/PrimateVisionRobustness/Data/Robustness/Original images/Clean hf source/000010.jpg
243,243,clean,1,clean,0,1,1,./../primate_robustness_mess/PrimateVisionRobustness/Data/Robustness/Original images/Clean hf source/UFH_016.jpg
244,244,clean,1,clean,0,1,1,./../primate_robustness_mess/PrimateVisionRobustness/Data/Robustness/Original images/Clean hf source/UFH_010.jpg
245,245,clean,1,clean,0,1,1,./../primate_robustness_mess/PrimateVisionRobustness/Data/Robustness/Original images/Clean hf source/UFH_092.jpg
246,246,clean,1,clean,0,1,1,./../primate_robustness_mess/PrimateVisionRobustness/Data/Robustness/Original images/Clean hf source/000088.jpg
247,247,clean,1,clean,0,1,1,./../primate_robustness_mess/PrimateVisionRobustness/Data/Robustness/Original images/Clean hf source/000136.jpg
248,248,clean,1,clean,0,1,1,./../primate_robustness_mess/PrimateVisionRobustness/Data/Robustness/Original images/Clean hf source/roadsign_13.jpg
249,249,clean,1,clean,0,1,1,./../primate_robustness_mess/PrimateVisionRobustness/Data/Robustness/Original images/Clean hf source/000069.jpg
250,250,clean,0,clean,0,0,1,./../primate_robustness_mess/PrimateVisionRobustness/Data/Robustness/Original images/Clean mf source/FFM_220.jpg
251,251,clean,0,clean,0,0,1,./../primate_robustness_mess/PrimateVisionRobustness/Data/Robustness/Original images/Clean mf source/zzmonkeyfaces_06.jpg
252,252,clean,0,clean,0,0,1,./../primate_robustness_mess/PrimateVisionRobustness/Data/Robustness/Original images/Clean mf source/UFM_52.jpg
253,253,clean,0,clean,0,0,1,./../primate_robustness_mess/PrimateVisionRobustness/Data/Robustness/Original images/Clean mf source/FFM_114.jpg
254,254,clean,0,clean,0,0,1,./../primate_robustness_mess/PrimateVisionRobustness/Data/Robustness/Original images/Clean mf source/FFM_240.jpg
255,255,clean,0,clean,0,0,1,./../primate_robustness_mess/PrimateVisionRobustness/Data/Robustness/Original images/Clean mf source/19.276269734.jpg
256,256,clean,0,clean,0,0,1,./../primate_robustness_mess/PrimateVisionRobustness/Data/Robustness/Original images/Clean mf source/UFM_50.jpg
257,257,clean,0,clean,0,0,1,./../primate_robustness_mess/PrimateVisionRobustness/Data/Robustness/Original images/Clean mf source/51.Monkey-Avatar-844.jpg
258,258,clean,0,clean,0,0,1,./../primate_robustness_mess/PrimateVisionRobustness/Data/Robustness/Original images/Clean mf source/18.untitled-51595-300x267.jpg
259,259,clean,0,clean,0,0,1,./../primate_robustness_mess/PrimateVisionRobustness/Data/Robustness/Original images/Clean mf source/UFM_15.jpg
260,260,clean,0,clean,0,0,1,./../primate_robustness_mess/PrimateVisionRobustness/Data/Robustness/Original images/Clean mf source/FFM_003.jpg
261,261,clean,0,clean,0,0,1,./../primate_robustness_mess/PrimateVisionRobustness/Data/Robustness/Original images/Clean mf source/UFM_26.jpg
262,262,clean,0,clean,0,0,1,./../primate_robustness_mess/PrimateVisionRobustness/Data/Robustness/Original images/Clean mf source/3.Macaque4-Fred-Cate.jpg
263,263,clean,0,clean,0,0,1,./../primate_robustness_mess/PrimateVisionRobustness/Data/Robustness/Original images/Clean mf source/70.photograph-group-rhesus-monkeys-macaque-macaca-mulatta-different-facial-expressions-team-monkey-122573031.jpg
264,264,clean,0,clean,0,0,1,./../primate_robustness_mess/PrimateVisionRobustness/Data/Robustness/Original images/Clean mf source/FFM_205.jpg
265,265,clean,0,clean,0,0,1,./../primate_robustness_mess/PrimateVisionRobustness/Data/Robustness/Original images/Clean mf source/FFM_246.jpg
266,266,clean,0,clean,0,0,1,./../primate_robustness_mess/PrimateVisionRobustness/Data/Robustness/Original images/Clean mf source/FFM_040.jpg
267,267,clean,0,clean,0,0,1,./../primate_robustness_mess/PrimateVisionRobustness/Data/Robustness/Original images/Clean mf source/33.Rhesus-1.jpg
268,268,clean,0,clean,0,0,1,./../primate_robustness_mess/PrimateVisionRobustness/Data/Robustness/Original images/Clean mf source/UFM_14.jpg
269,269,clean,0,clean,0,0,1,./../primate_robustness_mess/PrimateVisionRobustness/Data/Robustness/Original images/Clean mf source/FFM_011.jpg
270,270,clean,0,clean,0,0,1,./../primate_robustness_mess/PrimateVisionRobustness/Data/Robustness/Original images/Clean mf source/mushroom_11.jpg
271,271,clean,0,clean,0,0,1,./../primate_robustness_mess/PrimateVisionRobustness/Data/Robustness/Original images/Clean mf source/FFM_215.jpg
272,272,clean,0,clean,0,0,1,./../primate_robustness_mess/PrimateVisionRobustness/Data/Robustness/Original images/Clean mf source/23.47072D1000000578-0-image-a-25_1512517657280.jpg
273,273,clean,0,clean,0,0,1,./../primate_robustness_mess/PrimateVisionRobustness/Data/Robustness/Original images/Clean mf source/FM_34.jpg
274,274,clean,0,clean,0,0,1,./../primate_robustness_mess/PrimateVisionRobustness/Data/Robustness/Original images/Clean mf source/mp3player_08.jpg
275,275,clean,0,clean,0,0,1,./../primate_robustness_mess/PrimateVisionRobustness/Data/Robustness/Original images/Clean mf source/FFM_174.jpg
276,276,clean,0,clean,0,0,1,./../primate_robustness_mess/PrimateVisionRobustness/Data/Robustness/Original images/Clean mf source/FM_02.jpg
277,277,clean,0,clean,0,0,1,./../primate_robustness_mess/PrimateVisionRobustness/Data/Robustness/Original images/Clean mf source/29.macaque-familycc.jpg
278,278,clean,0,clean,0,0,1,./../primate_robustness_mess/PrimateVisionRobustness/Data/Robustness/Original images/Clean mf source/FFM_054.jpg
279,279,clean,0,clean,0,0,1,./../primate_robustness_mess/PrimateVisionRobustness/Data/Robustness/Original images/Clean mf source/zzmonkeyfaces_15.jpg
280,280,clean,0,clean,0,0,1,./../primate_robustness_mess/PrimateVisionRobustness/Data/Robustness/Original images/Clean mf source/FM_27.jpg
281,281,clean,0,clean,0,0,1,./../primate_robustness_mess/PrimateVisionRobustness/Data/Robustness/Original images/Clean mf source/FFM_209.jpg
282,282,clean,0,clean,0,0,1,./../primate_robustness_mess/PrimateVisionRobustness/Data/Robustness/Original images/Clean mf source/FM_57.jpg
283,283,clean,0,clean,0,0,1,./../primate_robustness_mess/PrimateVisionRobustness/Data/Robustness/Original images/Clean mf source/FFM_143.jpg
284,284,clean,0,clean,0,0,1,./../primate_robustness_mess/PrimateVisionRobustness/Data/Robustness/Original images/Clean mf source/92.rhesus-macaques.jpg
285,285,clean,0,clean,0,0,1,./../primate_robustness_mess/PrimateVisionRobustness/Data/Robustness/Original images/Clean mf source/4.rhesus-monkey_600.jpg
286,286,clean,0,clean,0,0,1,./../primate_robustness_mess/PrimateVisionRobustness/Data/Robustness/Original images/Clean mf source/FFM_200.jpg
287,287,clean,0,clean,0,0,1,./../primate_robustness_mess/PrimateVisionRobustness/Data/Robustness/Original images/Clean mf source/70.Cute_Monkey.jpg
288,288,clean,0,clean,0,0,1,./../primate_robustness_mess/PrimateVisionRobustness/Data/Robustness/Original images/Clean mf source/27.GettyImages-1151556034.jpg
289,289,clean,0,clean,0,0,1,./../primate_robustness_mess/PrimateVisionRobustness/Data/Robustness/Original images/Clean mf source/UFM_33.jpg
290,290,clean,0,clean,0,0,1,./../primate_robustness_mess/PrimateVisionRobustness/Data/Robustness/Original images/Clean mf source/87.monkey-sitting-observing-crispr-shutterstock-1252642906-1068x601.jpg
291,291,clean,0,clean,0,0,1,./../primate_robustness_mess/PrimateVisionRobustness/Data/Robustness/Original images/Clean mf source/FFM_208.jpg
292,292,clean,0,clean,0,0,1,./../primate_robustness_mess/PrimateVisionRobustness/Data/Robustness/Original images/Clean mf source/FFM_027.jpg
293,293,clean,0,clean,0,0,1,./../primate_robustness_mess/PrimateVisionRobustness/Data/Robustness/Original images/Clean mf source/FM_01.jpg
294,294,clean,0,clean,0,0,1,./../primate_robustness_mess/PrimateVisionRobustness/Data/Robustness/Original images/Clean mf source/FFM_173.jpg
295,295,clean,0,clean,0,0,1,./../primate_robustness_mess/PrimateVisionRobustness/Data/Robustness/Original images/Clean mf source/FFM_009.jpg
296,296,clean,0,clean,0,0,1,./../primate_robustness_mess/PrimateVisionRobustness/Data/Robustness/Original images/Clean mf source/39.Freiwald_face-familiarity_main.jpg
297,297,clean,0,clean,0,0,1,./../primate_robustness_mess/PrimateVisionRobustness/Data/Robustness/Original images/Clean mf source/21.Neutral-face1.jpg
298,298,clean,0,clean,0,0,1,./../primate_robustness_mess/PrimateVisionRobustness/Data/Robustness/Original images/Clean mf source/FFM_202.jpg
299,299,clean,0,clean,0,0,1,./../primate_robustness_mess/PrimateVisionRobustness/Data/Robustness/Original images/Clean mf source/FFM_178.jpg
300,300,clean,0,clean,0,0,1,./../primate_robustness_mess/PrimateVisionRobustness/Data/Robustness/Original images/Clean mf source/FFM_116.jpg
301,301,clean,0,clean,0,0,1,./../primate_robustness_mess/PrimateVisionRobustness/Data/Robustness/Original images/Clean mf source/83.rhesus-macaque-1.jpg
302,302,clean,0,clean,0,0,1,./../primate_robustness_mess/PrimateVisionRobustness/Data/Robustness/Original images/Clean mf source/FFM_077.jpg
303,303,clean,0,clean,0,0,1,./../primate_robustness_mess/PrimateVisionRobustness/Data/Robustness/Original images/Clean mf source/FM_39.jpg
304,304,clean,0,clean,0,0,1,./../primate_robustness_mess/PrimateVisionRobustness/Data/Robustness/Original images/Clean mf source/FFM_018.jpg
305,305,clean,0,clean,0,0,1,./../primate_robustness_mess/PrimateVisionRobustness/Data/Robustness/Original images/Clean mf source/74.539787-istock-902315974.jpg
306,306,clean,0,clean,0,0,1,./../primate_robustness_mess/PrimateVisionRobustness/Data/Robustness/Original images/Clean mf source/18.monkey092018.jpg
307,307,clean,0,clean,0,0,1,./../primate_robustness_mess/PrimateVisionRobustness/Data/Robustness/Original images/Clean mf source/90.baby-japanese-macaque-snow-monkey-close-up-face-with-finger-in-mouth_u-l-p4p64s0.jpg
308,308,clean,0,clean,0,0,1,./../primate_robustness_mess/PrimateVisionRobustness/Data/Robustness/Original images/Clean mf source/42.0806d61b44491451f448c083e3147e6e.jpg
309,309,clean,0,clean,0,0,1,./../primate_robustness_mess/PrimateVisionRobustness/Data/Robustness/Original images/Clean mf source/FFM_048.jpg
310,310,clean,0,clean,0,0,1,./../primate_robustness_mess/PrimateVisionRobustness/Data/Robustness/Original images/Clean mf source/13.QTxEW5eT3d4VAoMm9hnugW-320-80.jpg
311,311,clean,0,clean,0,0,1,./../primate_robustness_mess/PrimateVisionRobustness/Data/Robustness/Original images/Clean mf source/FFM_206.jpg
312,312,clean,0,clean,0,0,1,./../primate_robustness_mess/PrimateVisionRobustness/Data/Robustness/Original images/Clean mf source/2.STOCK_7A2-Mar.ngsversion.1496324535053.adapt.1900.1.jpg
313,313,clean,0,clean,0,0,1,./../primate_robustness_mess/PrimateVisionRobustness/Data/Robustness/Original images/Clean mf source/FFM_034.jpg
314,314,clean,0,clean,0,0,1,./../primate_robustness_mess/PrimateVisionRobustness/Data/Robustness/Original images/Clean mf source/75.monkey-face-2.jpg
315,315,clean,0,clean,0,0,1,./../primate_robustness_mess/PrimateVisionRobustness/Data/Robustness/Original images/Clean mf source/17.Rhesus_species.jpg
316,316,clean,0,clean,0,0,1,./../primate_robustness_mess/PrimateVisionRobustness/Data/Robustness/Original images/Clean mf source/FFM_082.jpg
317,317,clean,0,clean,0,0,1,./../primate_robustness_mess/PrimateVisionRobustness/Data/Robustness/Original images/Clean mf source/UFM_23.jpg
318,318,clean,0,clean,0,0,1,./../primate_robustness_mess/PrimateVisionRobustness/Data/Robustness/Original images/Clean mf source/5.monkey-face-rhesus-macaque-macaca-mulatta-close-up-portrait-eating-BBGY72.jpg
319,319,clean,0,clean,0,0,1,./../primate_robustness_mess/PrimateVisionRobustness/Data/Robustness/Original images/Clean mf source/FM_54.jpg
320,320,clean,0,clean,0,0,1,./../primate_robustness_mess/PrimateVisionRobustness/Data/Robustness/Original images/Clean mf source/FM_84.jpg
321,321,clean,0,clean,0,0,1,./../primate_robustness_mess/PrimateVisionRobustness/Data/Robustness/Original images/Clean mf source/UFM_77.jpg
322,322,clean,0,clean,0,0,1,./../primate_robustness_mess/PrimateVisionRobustness/Data/Robustness/Original images/Clean mf source/UFM_34.jpg
323,323,clean,0,clean,0,0,1,./../primate_robustness_mess/PrimateVisionRobustness/Data/Robustness/Original images/Clean mf source/FFM_247.jpg
324,324,clean,0,clean,0,0,1,./../primate_robustness_mess/PrimateVisionRobustness/Data/Robustness/Original images/Clean mf source/51.monkey_GettyImages_609576976__1_.0.jpg
325,325,clean,0,clean,0,0,1,./../primate_robustness_mess/PrimateVisionRobustness/Data/Robustness/Original images/Clean mf source/57.monkeys-at-khao-takiab--chopsticks-hill--685358164-592f0ea55f9b585950d5df3e.jpg
326,326,clean,0,clean,0,0,1,./../primate_robustness_mess/PrimateVisionRobustness/Data/Robustness/Original images/Clean mf source/FM_42.jpg
327,327,clean,0,clean,0,0,1,./../primate_robustness_mess/PrimateVisionRobustness/Data/Robustness/Original images/Clean mf source/FFM_212.jpg
328,328,clean,0,clean,0,0,1,./../primate_robustness_mess/PrimateVisionRobustness/Data/Robustness/Original images/Clean mf source/50.rhesus-macaque-jul2019_1.jpg
329,329,clean,0,clean,0,0,1,./../primate_robustness_mess/PrimateVisionRobustness/Data/Robustness/Original images/Clean mf source/90.612qSGEnygL._SX466_.jpg
330,330,clean,0,clean,0,0,1,./../primate_robustness_mess/PrimateVisionRobustness/Data/Robustness/Original images/Clean mf source/FFM_005.jpg
331,331,clean,0,clean,0,0,1,./../primate_robustness_mess/PrimateVisionRobustness/Data/Robustness/Original images/Clean mf source/FFM_021.jpg
332,332,clean,0,clean,0,0,1,./../primate_robustness_mess/PrimateVisionRobustness/Data/Robustness/Original images/Clean mf source/FFM_253.jpg
333,333,clean,0,clean,0,0,1,./../primate_robustness_mess/PrimateVisionRobustness/Data/Robustness/Original images/Clean mf source/51.still-more-long-tailed-macaques-1.jpg
334,334,clean,0,clean,0,0,1,./../primate_robustness_mess/PrimateVisionRobustness/Data/Robustness/Original images/Clean mf source/10.Rhesus_Macaque_monkey_the_look.jpg
335,335,clean,0,clean,0,0,1,./../primate_robustness_mess/PrimateVisionRobustness/Data/Robustness/Original images/Clean mf source/FFM_070.jpg
336,336,clean,0,clean,0,0,1,./../primate_robustness_mess/PrimateVisionRobustness/Data/Robustness/Original images/Clean mf source/30.190422-rhesus-macaque-cs-953a_c655bac819e2a742853060862cf2bdd9.fit-760w.jpg
337,337,clean,0,clean,0,0,1,./../primate_robustness_mess/PrimateVisionRobustness/Data/Robustness/Original images/Clean mf source/56.the-rhesus-macaque-monkey-pictures_csp62423781.jpg
338,338,clean,0,clean,0,0,1,./../primate_robustness_mess/PrimateVisionRobustness/Data/Robustness/Original images/Clean mf source/95.maxresdefault.jpg
339,339,clean,0,clean,0,0,1,./../primate_robustness_mess/PrimateVisionRobustness/Data/Robustness/Original images/Clean mf source/13.photo.jpg
340,340,clean,0,clean,0,0,1,./../primate_robustness_mess/PrimateVisionRobustness/Data/Robustness/Original images/Clean mf source/zzmonkeyfaces_01.jpg
341,341,clean,0,clean,0,0,1,./../primate_robustness_mess/PrimateVisionRobustness/Data/Robustness/Original images/Clean mf source/FM_38.jpg
342,342,clean,0,clean,0,0,1,./../primate_robustness_mess/PrimateVisionRobustness/Data/Robustness/Original images/Clean mf source/FFM_037.jpg
343,343,clean,0,clean,0,0,1,./../primate_robustness_mess/PrimateVisionRobustness/Data/Robustness/Original images/Clean mf source/35.rhesusmonkey.jpg
344,344,clean,0,clean,0,0,1,./../primate_robustness_mess/PrimateVisionRobustness/Data/Robustness/Original images/Clean mf source/19.191022025037-01-macaques-large-169.jpg
345,345,clean,0,clean,0,0,1,./../primate_robustness_mess/PrimateVisionRobustness/Data/Robustness/Original images/Clean mf source/zzmonkeyfaces_17.jpg
346,346,clean,0,clean,0,0,1,./../primate_robustness_mess/PrimateVisionRobustness/Data/Robustness/Original images/Clean mf source/FFM_133.jpg
347,347,clean,0,clean,0,0,1,./../primate_robustness_mess/PrimateVisionRobustness/Data/Robustness/Original images/Clean mf source/FFM_242.jpg
348,348,clean,0,clean,0,0,1,./../primate_robustness_mess/PrimateVisionRobustness/Data/Robustness/Original images/Clean mf source/79.red-face-macaque-75697_960_720.jpg
349,349,clean,0,clean,0,0,1,./../primate_robustness_mess/PrimateVisionRobustness/Data/Robustness/Original images/Clean mf source/zzmonkeyfaces_19.jpg
350,350,clean,0,clean,0,0,1,./../primate_robustness_mess/PrimateVisionRobustness/Data/Robustness/Original images/Clean mf source/UFM_79.jpg
351,351,clean,0,clean,0,0,1,./../primate_robustness_mess/PrimateVisionRobustness/Data/Robustness/Original images/Clean mf source/90.zhongzhong-huahua-1-2474a3bd8f5f2c61e17528c01fa856c35a285979-s800-c85.jpg
352,352,clean,0,clean,0,0,1,./../primate_robustness_mess/PrimateVisionRobustness/Data/Robustness/Original images/Clean mf source/FFM_197.jpg
353,353,clean,0,clean,0,0,1,./../primate_robustness_mess/PrimateVisionRobustness/Data/Robustness/Original images/Clean mf source/FFM_110.jpg
354,354,clean,0,clean,0,0,1,./../primate_robustness_mess/PrimateVisionRobustness/Data/Robustness/Original images/Clean mf source/FM_53.jpg
355,355,clean,0,clean,0,0,1,./../primate_robustness_mess/PrimateVisionRobustness/Data/Robustness/Original images/Clean mf source/6._96317895_gettyimages-164067218.jpg
356,356,clean,0,clean,0,0,1,./../primate_robustness_mess/PrimateVisionRobustness/Data/Robustness/Original images/Clean mf source/4.p028w1ws.jpg
357,357,clean,0,clean,0,0,1,./../primate_robustness_mess/PrimateVisionRobustness/Data/Robustness/Original images/Clean mf source/FM_52.jpg
358,358,clean,0,clean,0,0,1,./../primate_robustness_mess/PrimateVisionRobustness/Data/Robustness/Original images/Clean mf source/FFM_123.jpg
359,359,clean,0,clean,0,0,1,./../primate_robustness_mess/PrimateVisionRobustness/Data/Robustness/Original images/Clean mf source/UFM_61.jpg
360,360,clean,0,clean,0,0,1,./../primate_robustness_mess/PrimateVisionRobustness/Data/Robustness/Original images/Clean mf source/59.vegan-plant-based-news-monkey-art-show-livekindly-Cropped-1.jpg
361,361,clean,0,clean,0,0,1,./../primate_robustness_mess/PrimateVisionRobustness/Data/Robustness/Original images/Clean mf source/motorcycle_04.jpg
362,362,clean,0,clean,0,0,1,./../primate_robustness_mess/PrimateVisionRobustness/Data/Robustness/Original images/Clean mf source/30.1-s2.0-S0165027017302637-mmc1.jpg
363,363,clean,0,clean,0,0,1,./../primate_robustness_mess/PrimateVisionRobustness/Data/Robustness/Original images/Clean mf source/FFM_224.jpg
364,364,clean,0,clean,0,0,1,./../primate_robustness_mess/PrimateVisionRobustness/Data/Robustness/Original images/Clean mf source/UFM_30.jpg
365,365,clean,0,clean,0,0,1,./../primate_robustness_mess/PrimateVisionRobustness/Data/Robustness/Original images/Clean mf source/88.F1.large.jpg
366,366,clean,0,clean,0,0,1,./../primate_robustness_mess/PrimateVisionRobustness/Data/Robustness/Original images/Clean mf source/FFM_008.jpg
367,367,clean,0,clean,0,0,1,./../primate_robustness_mess/PrimateVisionRobustness/Data/Robustness/Original images/Clean mf source/FM_41.jpg
368,368,clean,0,clean,0,0,1,./../primate_robustness_mess/PrimateVisionRobustness/Data/Robustness/Original images/Clean mf source/49.macaca-mulatta-7.jpg
369,369,clean,0,clean,0,0,1,./../primate_robustness_mess/PrimateVisionRobustness/Data/Robustness/Original images/Clean mf source/UFM_24.jpg
370,370,clean,0,clean,0,0,1,./../primate_robustness_mess/PrimateVisionRobustness/Data/Robustness/Original images/Clean mf source/FFM_196.jpg
371,371,clean,0,clean,0,0,1,./../primate_robustness_mess/PrimateVisionRobustness/Data/Robustness/Original images/Clean mf source/FFM_124.jpg
372,372,clean,0,clean,0,0,1,./../primate_robustness_mess/PrimateVisionRobustness/Data/Robustness/Original images/Clean mf source/FFM_138.jpg
373,373,clean,0,clean,0,0,1,./../primate_robustness_mess/PrimateVisionRobustness/Data/Robustness/Original images/Clean mf source/FFM_225.jpg
374,374,clean,0,clean,0,0,1,./../primate_robustness_mess/PrimateVisionRobustness/Data/Robustness/Original images/Clean mf source/81.hqdefault.jpg
375,375,clean,0,clean,0,0,1,./../primate_robustness_mess/PrimateVisionRobustness/Data/Robustness/Original images/Clean mf source/85.cute_20monkey.jpg
376,376,clean,0,clean,0,0,1,./../primate_robustness_mess/PrimateVisionRobustness/Data/Robustness/Original images/Clean mf source/mushroom_13.jpg
377,377,clean,0,clean,0,0,1,./../primate_robustness_mess/PrimateVisionRobustness/Data/Robustness/Original images/Clean mf source/9.animal-animal-photography-ape-1670413-38cshn63e0eeraruoe2k1s.jpg
378,378,clean,0,clean,0,0,1,./../primate_robustness_mess/PrimateVisionRobustness/Data/Robustness/Original images/Clean mf source/67.01-rhesus-macaque-ap_17347595951300.jpg
379,379,clean,0,clean,0,0,1,./../primate_robustness_mess/PrimateVisionRobustness/Data/Robustness/Original images/Clean mf source/45.48298.jpg
380,380,clean,0,clean,0,0,1,./../primate_robustness_mess/PrimateVisionRobustness/Data/Robustness/Original images/Clean mf source/UFM_05.jpg
381,381,clean,0,clean,0,0,1,./../primate_robustness_mess/PrimateVisionRobustness/Data/Robustness/Original images/Clean mf source/UFM_25.jpg
382,382,clean,0,clean,0,0,1,./../primate_robustness_mess/PrimateVisionRobustness/Data/Robustness/Original images/Clean mf source/FM_82.jpg
383,383,clean,0,clean,0,0,1,./../primate_robustness_mess/PrimateVisionRobustness/Data/Robustness/Original images/Clean mf source/FFM_236.jpg
384,384,clean,0,clean,0,0,1,./../primate_robustness_mess/PrimateVisionRobustness/Data/Robustness/Original images/Clean mf source/69.7J42ATGER4I6TKTRIBWI6S7HAY.jpg
385,385,clean,0,clean,0,0,1,./../primate_robustness_mess/PrimateVisionRobustness/Data/Robustness/Original images/Clean mf source/UFM_21.jpg
386,386,clean,0,clean,0,0,1,./../primate_robustness_mess/PrimateVisionRobustness/Data/Robustness/Original images/Clean mf source/UFM_45.jpg
387,387,clean,0,clean,0,0,1,./../primate_robustness_mess/PrimateVisionRobustness/Data/Robustness/Original images/Clean mf source/22.Faces.jpg
388,388,clean,0,clean,0,0,1,./../primate_robustness_mess/PrimateVisionRobustness/Data/Robustness/Original images/Clean mf source/FM_10.jpg
389,389,clean,0,clean,0,0,1,./../primate_robustness_mess/PrimateVisionRobustness/Data/Robustness/Original images/Clean mf source/UFM_11.jpg
390,390,clean,0,clean,0,0,1,./../primate_robustness_mess/PrimateVisionRobustness/Data/Robustness/Original images/Clean mf source/FFM_091.jpg
391,391,clean,0,clean,0,0,1,./../primate_robustness_mess/PrimateVisionRobustness/Data/Robustness/Original images/Clean mf source/11.monkey-800x600.jpg
392,392,clean,0,clean,0,0,1,./../primate_robustness_mess/PrimateVisionRobustness/Data/Robustness/Original images/Clean mf source/65.BarbaryMacaqueFaces_281_29-600x404.jpg
393,393,clean,0,clean,0,0,1,./../primate_robustness_mess/PrimateVisionRobustness/Data/Robustness/Original images/Clean mf source/UFM_12.jpg
394,394,clean,0,clean,0,0,1,./../primate_robustness_mess/PrimateVisionRobustness/Data/Robustness/Original images/Clean mf source/UFM_28.jpg
395,395,clean,0,clean,0,0,1,./../primate_robustness_mess/PrimateVisionRobustness/Data/Robustness/Original images/Clean mf source/FM_56.jpg
396,396,clean,0,clean,0,0,1,./../primate_robustness_mess/PrimateVisionRobustness/Data/Robustness/Original images/Clean mf source/5.Macaca_sinica_-_01.jpg
397,397,clean,0,clean,0,0,1,./../primate_robustness_mess/PrimateVisionRobustness/Data/Robustness/Original images/Clean mf source/zzmonkeyfaces_08.jpg
398,398,clean,0,clean,0,0,1,./../primate_robustness_mess/PrimateVisionRobustness/Data/Robustness/Original images/Clean mf source/FM_47.jpg
399,399,clean,0,clean,0,0,1,./../primate_robustness_mess/PrimateVisionRobustness/Data/Robustness/Original images/Clean mf source/FFM_190.jpg
400,400,clean,0,clean,0,0,1,./../primate_robustness_mess/PrimateVisionRobustness/Data/Robustness/Original images/Clean mf source/FFM_119.jpg
401,401,clean,0,clean,0,0,1,./../primate_robustness_mess/PrimateVisionRobustness/Data/Robustness/Original images/Clean mf source/84.image.jpg
402,402,clean,0,clean,0,0,1,./../primate_robustness_mess/PrimateVisionRobustness/Data/Robustness/Original images/Clean mf source/42.macaque-monkeys-mauritius-sad-monkey-tale_1110.jpg
403,403,clean,0,clean,0,0,1,./../primate_robustness_mess/PrimateVisionRobustness/Data/Robustness/Original images/Clean mf source/UFM_66.jpg
404,404,clean,0,clean,0,0,1,./../primate_robustness_mess/PrimateVisionRobustness/Data/Robustness/Original images/Clean mf source/UFM_64.jpg
405,405,clean,0,clean,0,0,1,./../primate_robustness_mess/PrimateVisionRobustness/Data/Robustness/Original images/Clean mf source/FFM_028.jpg
406,406,clean,0,clean,0,0,1,./../primate_robustness_mess/PrimateVisionRobustness/Data/Robustness/Original images/Clean mf source/FFM_012.jpg
407,407,clean,0,clean,0,0,1,./../primate_robustness_mess/PrimateVisionRobustness/Data/Robustness/Original images/Clean mf source/77.rhesus-macaque-monkeys-primate-stock-getty.jpg
408,408,clean,0,clean,0,0,1,./../primate_robustness_mess/PrimateVisionRobustness/Data/Robustness/Original images/Clean mf source/FFM_039.jpg
409,409,clean,0,clean,0,0,1,./../primate_robustness_mess/PrimateVisionRobustness/Data/Robustness/Original images/Clean mf source/6.rhesus-macaque_0488.jpg
410,410,clean,0,clean,0,0,1,./../primate_robustness_mess/PrimateVisionRobustness/Data/Robustness/Original images/Clean mf source/UFM_56.jpg
411,411,clean,0,clean,0,0,1,./../primate_robustness_mess/PrimateVisionRobustness/Data/Robustness/Original images/Clean mf source/9.moydjvpcqwnfaohbbpcr.jpg
412,412,clean,0,clean,0,0,1,./../primate_robustness_mess/PrimateVisionRobustness/Data/Robustness/Original images/Clean mf source/FFM_255.jpg
413,413,clean,0,clean,0,0,1,./../primate_robustness_mess/PrimateVisionRobustness/Data/Robustness/Original images/Clean mf source/79.hfvgg7j6-1407500481.jpg
414,414,clean,0,clean,0,0,1,./../primate_robustness_mess/PrimateVisionRobustness/Data/Robustness/Original images/Clean mf source/78.rhesus-macaque-monkey-macaca-mulatta-450w-636878770.jpg
415,415,clean,0,clean,0,0,1,./../primate_robustness_mess/PrimateVisionRobustness/Data/Robustness/Original images/Clean mf source/FFM_022.jpg
416,416,clean,0,clean,0,0,1,./../primate_robustness_mess/PrimateVisionRobustness/Data/Robustness/Original images/Clean mf source/FFM_004.jpg
417,417,clean,0,clean,0,0,1,./../primate_robustness_mess/PrimateVisionRobustness/Data/Robustness/Original images/Clean mf source/FFM_042.jpg
418,418,clean,0,clean,0,0,1,./../primate_robustness_mess/PrimateVisionRobustness/Data/Robustness/Original images/Clean mf source/4.single-molecule-boost-reduces-anxiety-in-macaque-models-322909.jpg
419,419,clean,0,clean,0,0,1,./../primate_robustness_mess/PrimateVisionRobustness/Data/Robustness/Original images/Clean mf source/FM_81.jpg
420,420,clean,0,clean,0,0,1,./../primate_robustness_mess/PrimateVisionRobustness/Data/Robustness/Original images/Clean mf source/FFM_199.jpg
421,421,clean,0,clean,0,0,1,./../primate_robustness_mess/PrimateVisionRobustness/Data/Robustness/Original images/Clean mf source/46.a-m-japenese-macaque-patti-panda.jpg
422,422,clean,0,clean,0,0,1,./../primate_robustness_mess/PrimateVisionRobustness/Data/Robustness/Original images/Clean mf source/6.C0025649.jpg
423,423,clean,0,clean,0,0,1,./../primate_robustness_mess/PrimateVisionRobustness/Data/Robustness/Original images/Clean mf source/FM_15.jpg
424,424,clean,0,clean,0,0,1,./../primate_robustness_mess/PrimateVisionRobustness/Data/Robustness/Original images/Clean mf source/30.macaque-rescues-youtube.jpg
425,425,clean,0,clean,0,0,1,./../primate_robustness_mess/PrimateVisionRobustness/Data/Robustness/Original images/Clean mf source/UFM_32.jpg
426,426,clean,0,clean,0,0,1,./../primate_robustness_mess/PrimateVisionRobustness/Data/Robustness/Original images/Clean mf source/UFM_57.jpg
427,427,clean,0,clean,0,0,1,./../primate_robustness_mess/PrimateVisionRobustness/Data/Robustness/Original images/Clean mf source/zzmonkeyfaces_04.jpg
428,428,clean,0,clean,0,0,1,./../primate_robustness_mess/PrimateVisionRobustness/Data/Robustness/Original images/Clean mf source/FFM_248.jpg
429,429,clean,0,clean,0,0,1,./../primate_robustness_mess/PrimateVisionRobustness/Data/Robustness/Original images/Clean mf source/mushroom_06.jpg
430,430,clean,0,clean,0,0,1,./../primate_robustness_mess/PrimateVisionRobustness/Data/Robustness/Original images/Clean mf source/FM_03.jpg
431,431,clean,0,clean,0,0,1,./../primate_robustness_mess/PrimateVisionRobustness/Data/Robustness/Original images/Clean mf source/FFM_078.jpg
432,432,clean,0,clean,0,0,1,./../primate_robustness_mess/PrimateVisionRobustness/Data/Robustness/Original images/Clean mf source/FM_40.jpg
433,433,clean,0,clean,0,0,1,./../primate_robustness_mess/PrimateVisionRobustness/Data/Robustness/Original images/Clean mf source/FFM_168.jpg
434,434,clean,0,clean,0,0,1,./../primate_robustness_mess/PrimateVisionRobustness/Data/Robustness/Original images/Clean mf source/FFM_080.jpg
435,435,clean,0,clean,0,0,1,./../primate_robustness_mess/PrimateVisionRobustness/Data/Robustness/Original images/Clean mf source/9.178med.jpg
436,436,clean,0,clean,0,0,1,./../primate_robustness_mess/PrimateVisionRobustness/Data/Robustness/Original images/Clean mf source/43.294470824.jpg
437,437,clean,0,clean,0,0,1,./../primate_robustness_mess/PrimateVisionRobustness/Data/Robustness/Original images/Clean mf source/85.rhesus-macaque-monkey.jpg
438,438,clean,0,clean,0,0,1,./../primate_robustness_mess/PrimateVisionRobustness/Data/Robustness/Original images/Clean mf source/FM_12.jpg
439,439,clean,0,clean,0,0,1,./../primate_robustness_mess/PrimateVisionRobustness/Data/Robustness/Original images/Clean mf source/15.rhesus-istock-994398242-resize_1_orig.jpg
440,440,clean,0,clean,0,0,1,./../primate_robustness_mess/PrimateVisionRobustness/Data/Robustness/Original images/Clean mf source/motorcycle_06.jpg
441,441,clean,0,clean,0,0,1,./../primate_robustness_mess/PrimateVisionRobustness/Data/Robustness/Original images/Clean mf source/zzmonkeyfaces_05.jpg
442,442,clean,0,clean,0,0,1,./../primate_robustness_mess/PrimateVisionRobustness/Data/Robustness/Original images/Clean mf source/45.Rhesus-monkey.jpg
443,443,clean,0,clean,0,0,1,./../primate_robustness_mess/PrimateVisionRobustness/Data/Robustness/Original images/Clean mf source/FFM_072.jpg
444,444,clean,0,clean,0,0,1,./../primate_robustness_mess/PrimateVisionRobustness/Data/Robustness/Original images/Clean mf source/FFM_035.jpg
445,445,clean,0,clean,0,0,1,./../primate_robustness_mess/PrimateVisionRobustness/Data/Robustness/Original images/Clean mf source/FFM_038.jpg
446,446,clean,0,clean,0,0,1,./../primate_robustness_mess/PrimateVisionRobustness/Data/Robustness/Original images/Clean mf source/FFM_020.jpg
447,447,clean,0,clean,0,0,1,./../primate_robustness_mess/PrimateVisionRobustness/Data/Robustness/Original images/Clean mf source/UFM_62.jpg
448,448,clean,0,clean,0,0,1,./../primate_robustness_mess/PrimateVisionRobustness/Data/Robustness/Original images/Clean mf source/FM_55.jpg
449,449,clean,0,clean,0,0,1,./../primate_robustness_mess/PrimateVisionRobustness/Data/Robustness/Original images/Clean mf source/26.Infant.jpg
450,450,clean,0,clean,0,0,1,./../primate_robustness_mess/PrimateVisionRobustness/Data/Robustness/Original images/Clean mf source/FFM_071.jpg
451,451,clean,0,clean,0,0,1,./../primate_robustness_mess/PrimateVisionRobustness/Data/Robustness/Original images/Clean mf source/80.contemplation.jpg
452,452,clean,0,clean,0,0,1,./../primate_robustness_mess/PrimateVisionRobustness/Data/Robustness/Original images/Clean mf source/27.monkey-face-portrait-jungle-close-up-ape-113739483.jpg
453,453,clean,0,clean,0,0,1,./../primate_robustness_mess/PrimateVisionRobustness/Data/Robustness/Original images/Clean mf source/79.adopted_baby_macaque10.jpg
454,454,clean,0,clean,0,0,1,./../primate_robustness_mess/PrimateVisionRobustness/Data/Robustness/Original images/Clean mf source/FFM_030.jpg
455,455,clean,0,clean,0,0,1,./../primate_robustness_mess/PrimateVisionRobustness/Data/Robustness/Original images/Clean mf source/UFM_22.jpg
456,456,clean,0,clean,0,0,1,./../primate_robustness_mess/PrimateVisionRobustness/Data/Robustness/Original images/Clean mf source/FFM_053.jpg
457,457,clean,0,clean,0,0,1,./../primate_robustness_mess/PrimateVisionRobustness/Data/Robustness/Original images/Clean mf source/UFM_07.jpg
458,458,clean,0,clean,0,0,1,./../primate_robustness_mess/PrimateVisionRobustness/Data/Robustness/Original images/Clean mf source/zzmonkeyfaces_18.jpg
459,459,clean,0,clean,0,0,1,./../primate_robustness_mess/PrimateVisionRobustness/Data/Robustness/Original images/Clean mf source/FM_09.jpg
460,460,clean,0,clean,0,0,1,./../primate_robustness_mess/PrimateVisionRobustness/Data/Robustness/Original images/Clean mf source/UFM_59.jpg
461,461,clean,0,clean,0,0,1,./../primate_robustness_mess/PrimateVisionRobustness/Data/Robustness/Original images/Clean mf source/FFM_007.jpg
462,462,clean,0,clean,0,0,1,./../primate_robustness_mess/PrimateVisionRobustness/Data/Robustness/Original images/Clean mf source/UFM_13.jpg
463,463,clean,0,clean,0,0,1,./../primate_robustness_mess/PrimateVisionRobustness/Data/Robustness/Original images/Clean mf source/UFM_65.jpg
464,464,clean,0,clean,0,0,1,./../primate_robustness_mess/PrimateVisionRobustness/Data/Robustness/Original images/Clean mf source/FM_26.jpg
465,465,clean,0,clean,0,0,1,./../primate_robustness_mess/PrimateVisionRobustness/Data/Robustness/Original images/Clean mf source/FFM_132.jpg
466,466,clean,0,clean,0,0,1,./../primate_robustness_mess/PrimateVisionRobustness/Data/Robustness/Original images/Clean mf source/32.animal_rhesus.jpg
467,467,clean,0,clean,0,0,1,./../primate_robustness_mess/PrimateVisionRobustness/Data/Robustness/Original images/Clean mf source/20.NINTCHDBPICT000463924495.jpg
468,468,clean,0,clean,0,0,1,./../primate_robustness_mess/PrimateVisionRobustness/Data/Robustness/Original images/Clean mf source/18.66572799-funny-monkey-face-close-up-with-big-eyes.jpg
469,469,clean,0,clean,0,0,1,./../primate_robustness_mess/PrimateVisionRobustness/Data/Robustness/Original images/Clean mf source/FM_18.jpg
470,470,clean,0,clean,0,0,1,./../primate_robustness_mess/PrimateVisionRobustness/Data/Robustness/Original images/Clean mf source/mushroom_02.jpg
471,471,clean,0,clean,0,0,1,./../primate_robustness_mess/PrimateVisionRobustness/Data/Robustness/Original images/Clean mf source/12.izzle1_featured_1000x667.jpg
472,472,clean,0,clean,0,0,1,./../primate_robustness_mess/PrimateVisionRobustness/Data/Robustness/Original images/Clean mf source/1.20181112-SHANK3monkey-844.jpg
473,473,clean,0,clean,0,0,1,./../primate_robustness_mess/PrimateVisionRobustness/Data/Robustness/Original images/Clean mf source/FFM_041.jpg
474,474,clean,0,clean,0,0,1,./../primate_robustness_mess/PrimateVisionRobustness/Data/Robustness/Original images/Clean mf source/FFM_111.jpg
475,475,clean,0,clean,0,0,1,./../primate_robustness_mess/PrimateVisionRobustness/Data/Robustness/Original images/Clean mf source/motorcycle_09.jpg
476,476,clean,0,clean,0,0,1,./../primate_robustness_mess/PrimateVisionRobustness/Data/Robustness/Original images/Clean mf source/86.Snyder-Mackler-macaque-photo-1.jpg
477,477,clean,0,clean,0,0,1,./../primate_robustness_mess/PrimateVisionRobustness/Data/Robustness/Original images/Clean mf source/74.fup34YDbu74RMCiyvLu4aP.jpg
478,478,clean,0,clean,0,0,1,./../primate_robustness_mess/PrimateVisionRobustness/Data/Robustness/Original images/Clean mf source/61.monkey-israel-lebanon.jpg
479,479,clean,0,clean,0,0,1,./../primate_robustness_mess/PrimateVisionRobustness/Data/Robustness/Original images/Clean mf source/UFM_44.jpg
480,480,clean,0,clean,0,0,1,./../primate_robustness_mess/PrimateVisionRobustness/Data/Robustness/Original images/Clean mf source/FFM_113.jpg
481,481,clean,0,clean,0,0,1,./../primate_robustness_mess/PrimateVisionRobustness/Data/Robustness/Original images/Clean mf source/FFM_046.jpg
482,482,clean,0,clean,0,0,1,./../primate_robustness_mess/PrimateVisionRobustness/Data/Robustness/Original images/Clean mf source/76.DSC7643.jpg
483,483,clean,0,clean,0,0,1,./../primate_robustness_mess/PrimateVisionRobustness/Data/Robustness/Original images/Clean mf source/FFM_203.jpg
484,484,clean,0,clean,0,0,1,./../primate_robustness_mess/PrimateVisionRobustness/Data/Robustness/Original images/Clean mf source/11.rhesus-macaques-960x540-800x450.jpg
485,485,clean,0,clean,0,0,1,./../primate_robustness_mess/PrimateVisionRobustness/Data/Robustness/Original images/Clean mf source/FFM_189.jpg
486,486,clean,0,clean,0,0,1,./../primate_robustness_mess/PrimateVisionRobustness/Data/Robustness/Original images/Clean mf source/52.636360710283441844-macaque1.jpg
487,487,clean,0,clean,0,0,1,./../primate_robustness_mess/PrimateVisionRobustness/Data/Robustness/Original images/Clean mf source/38.uakari.jpg
488,488,clean,0,clean,0,0,1,./../primate_robustness_mess/PrimateVisionRobustness/Data/Robustness/Original images/Clean mf source/zzmonkeyfaces_13.jpg
489,489,clean,0,clean,0,0,1,./../primate_robustness_mess/PrimateVisionRobustness/Data/Robustness/Original images/Clean mf source/21.rhesusmonkey1204a.jpg
490,490,clean,0,clean,0,0,1,./../primate_robustness_mess/PrimateVisionRobustness/Data/Robustness/Original images/Clean mf source/60.92680627-the-rhesus-macaque-macaca-mulatta-is-one-of-the-best-known-species-of-old-world-monkeys-rhesus-macaq.jpg
491,491,clean,0,clean,0,0,1,./../primate_robustness_mess/PrimateVisionRobustness/Data/Robustness/Original images/Clean mf source/22.macaque-face-demeanor-close-china-s-jilin-province-changchun-wildlife-park-macaques-their-shape-expression-most-to-55728113.jpg
492,492,clean,0,clean,0,0,1,./../primate_robustness_mess/PrimateVisionRobustness/Data/Robustness/Original images/Clean mf source/UFM_53.jpg
493,493,clean,0,clean,0,0,1,./../primate_robustness_mess/PrimateVisionRobustness/Data/Robustness/Original images/Clean mf source/FM_48.jpg
494,494,clean,0,clean,0,0,1,./../primate_robustness_mess/PrimateVisionRobustness/Data/Robustness/Original images/Clean mf source/FFM_076.jpg
495,495,clean,0,clean,0,0,1,./../primate_robustness_mess/PrimateVisionRobustness/Data/Robustness/Original images/Clean mf source/FFM_032.jpg
496,496,clean,0,clean,0,0,1,./../primate_robustness_mess/PrimateVisionRobustness/Data/Robustness/Original images/Clean mf source/FFM_093.jpg
497,497,clean,0,clean,0,0,1,./../primate_robustness_mess/PrimateVisionRobustness/Data/Robustness/Original images/Clean mf source/4.73dd3630eebab5e20e0f662d236d4b7f.jpg
498,498,clean,0,clean,0,0,1,./../primate_robustness_mess/PrimateVisionRobustness/Data/Robustness/Original images/Clean mf source/FFM_195.jpg
499,499,clean,0,clean,0,0,1,./../primate_robustness_mess/PrimateVisionRobustness/Data/Robustness/Original images/Clean mf source/FFM_109.jpg
